[
    {
        "id": 1,
        "name": "John Doe",
        "course": "CSI 123",
        "major": "Computer Science",
        "year": 1,
        "created_at": "2025-09-24 06:34:42",
        "updated_at": "2025-09-24 06:34:42"
    },
    {
        "id": 3,
        "name": "Bob Doe",
        "course": "CSI 123",
        "major": "Computer Science",
        "year": 1,
        "created_at": "2025-09-24 06:34:57",
        "updated_at": "2025-09-24 06:34:57"
    },
    {
        "id": 4,
        "name": "Ken Doe",
        "course": "PSY 234",
        "major": "Political Science",
        "year": "3",
        "created_at": "2025-09-24 06:40:08",
        "updated_at": "2025-09-24 06:40:40"
    }
]